[
	{
		"frame": "1. Group 25",
		"comment_thread": "1",
		"user": "5075 - Reshmi Jaya Soundari R",
		"message": "I hope the website has",
		"link": "https://www.figma.com/file/7HWT4p5dGjv8FTpM9z1R8w?node-id=19%3A81",
		"created_at": "2022-08-31T05:55:33.304Z",
		"resolved_at": "2022-08-31T05:56:10.772Z"
	},
	{
		"frame": "1. Group 25",
		"comment_thread": "2",
		"user": "5075 - Reshmi Jaya Soundari R",
		"message": "WOWW ! This is wonderful ! Now I can able to adjust the size of the website in all modes :blush: :slightly_smiling_face:",
		"link": "https://www.figma.com/file/7HWT4p5dGjv8FTpM9z1R8w?node-id=19%3A81",
		"created_at": "2022-08-31T06:02:38.755Z",
		"resolved_at": null
	},
	{
		"frame": "1. Group 25",
		"comment_thread": "3",
		"user": "5075 - Reshmi Jaya Soundari R",
		"message": "I hope the website has provided options to adjust the size in all modes in our convenient way",
		"link": "https://www.figma.com/file/7HWT4p5dGjv8FTpM9z1R8w?node-id=19%3A81",
		"created_at": "2022-08-31T06:06:42.079Z",
		"resolved_at": "2022-08-31T08:15:52.764Z"
	},
	{
		"frame": "1. Group 25",
		"comment_thread": "6",
		"user": "5075 - Reshmi Jaya Soundari R",
		"message": "I hope the website has provided the options to adjust the size in the convenient way",
		"link": "https://www.figma.com/file/7HWT4p5dGjv8FTpM9z1R8w?node-id=19%3A81",
		"created_at": "2022-08-31T08:17:57.750Z",
		"resolved_at": null
	},
	{
		"frame": "2. Group 26",
		"comment_thread": "4",
		"user": "5075 - Reshmi Jaya Soundari R",
		"message": "I hope the website has provided options to update the information of  his recommended courses",
		"link": "https://www.figma.com/file/7HWT4p5dGjv8FTpM9z1R8w?node-id=19%3A82",
		"created_at": "2022-08-31T06:16:21.218Z",
		"resolved_at": null
	},
	{
		"frame": "2. Group 26",
		"comment_thread": "5",
		"user": "5075 - Reshmi Jaya Soundari R",
		"message": "YEAH ! Now my recommended courses informations has been updated :slightly_smiling_face: :slightly_smiling_face:",
		"link": "https://www.figma.com/file/7HWT4p5dGjv8FTpM9z1R8w?node-id=19%3A82",
		"created_at": "2022-08-31T06:17:30.571Z",
		"resolved_at": null
	}
]