frame,comment_thread,user,message,link,created_at,resolved_at
1. Group 25,1,5075 - Reshmi Jaya Soundari R,I hope the website has,https://www.figma.com/file/7HWT4p5dGjv8FTpM9z1R8w?node-id=19%3A81,2022-08-31T05:55:33.304Z,2022-08-31T05:56:10.772Z
1. Group 25,2,5075 - Reshmi Jaya Soundari R,WOWW ! This is wonderful ! Now I can able to adjust the size of the website in all modes :blush: :slightly_smiling_face:,https://www.figma.com/file/7HWT4p5dGjv8FTpM9z1R8w?node-id=19%3A81,2022-08-31T06:02:38.755Z,
1. Group 25,3,5075 - Reshmi Jaya Soundari R,I hope the website has provided options to adjust the size in all modes in our convenient way,https://www.figma.com/file/7HWT4p5dGjv8FTpM9z1R8w?node-id=19%3A81,2022-08-31T06:06:42.079Z,2022-08-31T08:15:52.764Z
1. Group 25,6,5075 - Reshmi Jaya Soundari R,I hope the website has provided the options to adjust the size in the convenient way,https://www.figma.com/file/7HWT4p5dGjv8FTpM9z1R8w?node-id=19%3A81,2022-08-31T08:17:57.750Z,
2. Group 26,4,5075 - Reshmi Jaya Soundari R,I hope the website has provided options to update the information of  his recommended courses,https://www.figma.com/file/7HWT4p5dGjv8FTpM9z1R8w?node-id=19%3A82,2022-08-31T06:16:21.218Z,
2. Group 26,5,5075 - Reshmi Jaya Soundari R,YEAH ! Now my recommended courses informations has been updated :slightly_smiling_face: :slightly_smiling_face:,https://www.figma.com/file/7HWT4p5dGjv8FTpM9z1R8w?node-id=19%3A82,2022-08-31T06:17:30.571Z,
